{
    "foodItems": [
        {
            "id": "0",
            "type": "starters",
            "item_name": "Voluptate cillum fugiat.",
            "avatar": "http://localhost:3000/img6.jpg",
            "item_details": "Cheese, tomato, mushrooms, onions..",
            "price": "50",
            "orderedQuantity": "3"
        },
        {
            "id": "1",
            "type": "starters",
            "item_name": "Metus varius laoreet.",
            "avatar": "http://localhost:3000/img6.jpg",
            "item_details": "Chicken, mozzarella cheese, onions.",
            "price": "80",
            "orderedQuantity": "1"
        },
        {
            "id": "2",
            "type": "starters",
            "item_name": "Chipotle Mexican Grill",
            "avatar": "http://localhost:3000/img6.jpg",
            "item_details": "Chocolate Croissant with Sandwich ",
            "price": "90",
            "orderedQuantity": "0"
        },
        {
            "id": "3",
            "type": "maincourse",
            "item_name": "Arcu pede enim justo.",
            "avatar": "http://localhost:3000/img6.jpg",
            "item_details": "Tuna, Sweetcorn, Cheese.",
            "price": "70",
            "orderedQuantity": "1"
        },
        {
            "id": "4",
            "type": "maincourse",
            "item_name": "Cras dapibussemper nisi.",
            "avatar": "http://localhost:3000/img6.jpg",
            "item_details": "Pineapple, Minced Beef, Cheese.",
            "price": "80",
            "orderedQuantity": "0"
        },
        {
            "id": "5",
            "type": "maincourse",
            "item_name": "Nepalese MOMO",
            "avatar": "http://localhost:3000/img6.jpg",
            "item_details": "Donec sed odio dui. Etiam porta sem malesuada magna mollis euismod. Nullam id dolor id nibh ultricies ",
            "price": "50",
            "orderedQuantity": 0
        },
        {
            "id": "6",
            "type": "sides",
            "item_name": "GURKHA SPECIAL CHICKEN",
            "avatar": "http://localhost:3000/img6.jpg",
            "item_details": "Boneless chicken marinated in mustard, smoked chilli, herbs and spices slowly cooked in tandoor. ",
            "price": "90",
            "orderedQuantity": "0"
        },
        {
            "id": "7",
            "type": "sides",
            "item_name": "LAMB TIKKA SPECIAL",
            "avatar": "http://localhost:3000/img6.jpg",
            "item_details": "Tender pieces of lamb mixed with our own spices and gently cooked in clay oven.",
            "price": "70",
            "orderedQuantity": "0"
        },
        {
            "id": "8",
            "type": "sides",
            "item_name": "Cras dapibussemper nisi.",
            "avatar": "http://localhost:3000/img6.jpg",
            "item_details": "Unde omnis iste natus error volu accusantium doloremque.",
            "price": "80",
            "orderedQuantity": 0
        },
        {
            "id": "9",
            "type": "sides",
            "item_name": "Volups asrnatur ",
            "avatar": "http://localhost:3000/img6.jpg",
            "item_details": "Aut odit aut fugit, sed quia consequuntur magni dolores eos qui. ",
            "price": "50",
            "orderedQuantity": 0
        },
        {
            "id": "10",
            "type": "features",
            "item_name": "GURKHA SPECIAL CHICKEN",
            "avatar": "http://localhost:3000/img1.jpg",
            "item_details": "Boneless chicken marinated in mustard, smoked chilli, herbs and spices slowly cooked in tandoor.",
            "price": "80",
            "orderedQuantity": 0
        },
        {
            "id": "72",
            "type": "features",
            "item_name": "Chipotle Mexican Grill",
            "avatar": "http://localhost:3000/img2.jpg",
            "item_details": "Aut odit aut fugit, sed quia consequuntur magni dolores eos qui. ",
            "price": "50",
            "orderedQuantity": 0
        },
        {
            "id": "93",
            "type": "desserts",
            "item_name": "Green Tea",
            "avatar": "http://localhost:3000/img6.jpg",
            "item_details": "Aut odit aut fugit, sed quia consequuntur magni dolores eos qui. ",
            "price": "50",
            "orderedQuantity": "0"
        },
        {
            "id": "101",
            "type": "desserts",
            "item_name": "DARK BROWNIE",
            "avatar": "http://localhost:3000/img1.jpg",
            "item_details": "Boneless chicken marinated in mustard, smoked chilli, herbs and spices slowly cooked in tandoor.",
            "price": "80",
            "orderedQuantity": "0"
        },
        {
            "id": "721",
            "type": "desserts",
            "item_name": "Chcohalte Sweet dish",
            "avatar": "http://localhost:3000/img2.jpg",
            "item_details": "Aut odit aut fugit, sed quia consequuntur magni dolores eos qui. ",
            "price": "50",
            "orderedQuantity": "0"
        }
    ]
}